{
  "target": "revenue",
  "model_family": "lgbm",
  "mean_mae": 472697.70331958507,
  "std_mae": 23445.808693247905,
  "mean_rmse": 590907.1266179733,
  "std_rmse": 58486.4587409253,
  "mean_r2": 0.31341232972767086,
  "std_r2": 0.09246711842319355,
  "folds": 2,
  "runtime_used": "gpu",
  "params_json": "{\"colsample_bytree\": 1.0, \"learning_rate\": 0.03, \"max_depth\": 6, \"min_child_samples\": 40, \"n_estimators\": 1000, \"num_leaves\": 95, \"reg_alpha\": 0.5, \"reg_lambda\": 0.0, \"subsample\": 0.95}",
  "trial": 4
}